Socket,Algorithm,Start Time,End Time,Execution Time,Power,Current,Voltage,Memory,CPU Usage,Read Bytes,Write Bytes,Signature,Num Files,Size,Avg File Size,CPU Count,Total RAM,Available RAM,System CPU,System Memory,Time Per File,Throughput
rpi3,Falcon-512,2026-01-15 17:16:56.318126,2026-01-15 17:19:15.567462,139.24929151699996,3.7747234042553197,0.04734042553191488,116.68540425531914,320.0015869140625,78.72930541022973,325058944,0,3277,5,310.0,62.0,4,923.20703125,730.96875,1.5,21.1,22.14504345360003,2.799723564774532
rpi3,Falcon-1024,2026-01-15 17:19:16.606948,2026-01-15 17:21:09.999268,113.3922976020001,3.884307692307693,0.048897435897435906,116.3260512820513,320.0105838775635,97.33465352945912,325058949,0,6355,5,310.0,62.0,4,923.20703125,730.96875,0.2,21.0,22.58499090119999,2.745185963156877
rpi3,ML-DSA-44,2026-01-15 17:21:11.038324,2026-01-15 17:22:57.632345,106.59398224100003,3.9057105263157896,0.04931578947368422,116.37963157894738,320.0151014328003,99.99626410336091,325058950,0,12100,5,310.0,62.0,4,923.20703125,730.96875,0.2,20.3,21.311947172200053,2.9091663703481148
rpi3,ML-DSA-65,2026-01-15 17:22:58.671578,2026-01-15 17:24:45.309938,106.63833904600006,3.8935789473684217,0.049315789473684216,116.25399999999998,320.01994705200195,100.0015575580179,325058950,0,16545,5,310.0,62.0,4,923.20703125,730.96875,0.2,20.8,21.32017539999997,2.908043617689941
rpi3,ML-DSA-87,2026-01-15 17:24:46.346378,2026-01-15 17:26:32.980086,106.63368448899996,3.891763157894738,0.04892105263157895,116.36207894736842,320.0246639251709,99.99654472316364,325058952,0,23135,5,310.0,62.0,4,923.20703125,730.96875,0.0,20.8,21.31786151360002,2.908359262979838
rpi3,SPHINCS+-SHA2-128f-simple,2026-01-15 17:26:34.013170,2026-01-15 17:26:52.001993,17.988798621999877,4.192142857142858,0.05242857142857143,116.37042857142856,320.053448677063,99.95108832899452,325058952,0,85440,5,310.0,62.0,4,923.20703125,730.96875,0.2,20.7,3.5850786512000012,17.293902319059946
rpi3,SPHINCS+-SHA2-192f-simple,2026-01-15 17:26:53.039069,2026-01-15 17:27:29.253737,36.21464520999984,3.941333333333333,0.05016666666666667,116.25374999999998,320.107216835022,99.9871731174696,325058952,0,178320,5,310.0,62.0,4,923.20703125,730.96875,0.3,20.7,7.230714623600034,8.57453284045269
rpi3,SPHINCS+-SHA2-256f-simple,2026-01-15 17:27:30.290640,2026-01-15 17:28:09.738802,39.44813779099991,3.9774999999999996,0.0502857142857143,116.0462857142857,320.14710330963135,99.9793709121506,325058952,0,249280,5,310.0,62.0,4,923.20703125,730.96875,0.0,20.7,7.864905920599949,7.88312036099607
rpi3,SLH_DSA_PURE_SHA2_128F,2026-01-15 17:28:10.775305,2026-01-15 17:28:33.624580,22.84925187099998,3.9921249999999997,0.0505,116.14224999999999,320.0528383255005,99.95950908567082,325058952,0,85440,5,310.0,62.0,4,923.20703125,730.96875,0.0,20.7,4.559890784199979,13.596816883165271
rpi3,SLH_DSA_PURE_SHA2_192F,2026-01-15 17:28:34.661037,2026-01-15 17:29:20.755720,46.0946591930001,3.946533333333333,0.05013333333333335,116.19699999999999,320.10715198516846,99.96819763231404,325058952,0,178320,5,310.0,62.0,4,923.20703125,730.96875,0.0,20.7,9.2097393948,6.7320037345471935
rpi3,SLH_DSA_PURE_SHA2_256F,2026-01-15 17:29:21.792065,2026-01-15 17:30:09.533854,47.741765816,3.9769411764705884,0.05,115.95194117647058,320.14780139923096,99.99630131820663,325058952,0,249280,5,310.0,62.0,4,923.20703125,730.96875,0.5,20.7,9.532691633999956,6.503934290590761
rpi3,SLH_DSA_PURE_SHAKE_128F,2026-01-15 17:30:10.569154,2026-01-15 17:31:51.601235,101.03205584900002,3.924885714285714,0.04942857142857143,116.25702857142858,320.05389499664307,99.99796515177007,325058952,0,85440,5,310.0,62.0,4,923.20703125,730.96875,0.3,20.7,20.182243695399983,3.0720073018507494
rpi3,SLH_DSA_PURE_SHAKE_192F,2026-01-15 17:31:52.637584,2026-01-15 17:33:37.730564,105.092957844,3.9647714285714293,0.04962857142857143,116.18262857142858,320.1071939468384,99.98767011199809,325058952,0,178320,5,310.0,62.0,4,923.20703125,730.96875,0.3,20.7,20.99262167060001,2.9534186331205348
rpi3,SLH_DSA_PURE_SHAKE_256F,2026-01-15 17:33:38.766898,2026-01-15 17:35:34.896862,116.12994185799994,3.9212249999999997,0.049375,116.176,320.14653873443604,100.00005006633012,325058952,0,249280,5,310.0,62.0,4,923.20703125,730.96875,0.0,20.7,23.174359324200033,2.6753706168375473
rpi3,cross-rsdp-128-balanced,2026-01-15 17:35:35.923612,2026-01-15 17:37:02.084766,86.16112878500007,3.9323,0.04956666666666667,116.4246,320.04275703430176,99.98708375208533,325058953,0,65760,5,310.0,62.0,4,923.20703125,730.96875,0.2,20.7,17.2243150494,3.599562584763551
rpi3,cross-rsdp-128-fast,2026-01-15 17:37:03.121261,2026-01-15 17:38:29.064142,85.94285562799996,3.8999666666666664,0.04933333333333335,116.779,320.0563220977783,99.99667729448925,325058953,0,92160,5,310.0,62.0,4,923.20703125,730.96875,0.0,20.7,17.182764662200043,3.608266842901733
rpi3,cross-rsdp-128-small,2026-01-15 17:38:30.100612,2026-01-15 17:39:56.672744,86.57210973500014,3.9490344827586203,0.04989655172413794,116.68020689655172,320.0406856536865,99.99756303155064,325058953,0,62160,5,310.0,62.0,4,923.20703125,730.96875,0.0,20.7,17.308730503399964,3.5820073567972703
rpi3,cross-rsdp-192-balanced,2026-01-15 17:39:57.708721,2026-01-15 17:41:47.869305,110.1605603879998,3.915605263157895,0.0493421052631579,116.76615789473685,320.09059047698975,99.99949129888417,325058953,0,149265,5,310.0,62.0,4,923.20703125,730.96875,0.0,20.8,22.025956166200196,2.8148607729975303
rpi3,cross-rsdp-192-fast,2026-01-15 17:41:48.911217,2026-01-15 17:43:38.683296,109.77205580699956,3.909131578947368,0.04947368421052632,116.67165789473684,320.1236324310303,99.99812720370008,325058953,0,207030,5,310.0,62.0,4,923.20703125,730.96875,0.5,20.8,21.94864715499989,2.8247754662125697
rpi3,cross-rsdp-192-small,2026-01-15 17:43:39.707402,2026-01-15 17:45:30.353204,110.64577032399984,3.9290810810810806,0.04975675675675676,116.73756756756754,320.08626651763916,99.99478486707368,325058953,0,141955,5,310.0,62.0,4,923.20703125,730.96875,0.3,20.8,22.12382263620002,2.80240901491195
rpi3,cross-rsdp-256-balanced,2026-01-15 17:45:31.389572,2026-01-15 17:47:22.183462,110.79386005300012,3.95178947368421,0.04963157894736843,116.64289473684214,320.15838527679443,99.9965160045888,325058953,0,267635,5,310.0,62.0,4,923.20703125,730.96875,0.0,20.8,22.15224473980006,2.7988134262803195
rpi3,cross-rsdp-256-fast,2026-01-15 17:47:23.219839,2026-01-15 17:49:13.407006,110.18714606499998,3.940078947368422,0.049078947368421055,116.52160526315792,320.21827125549316,99.99351461104555,325058953,0,372950,5,310.0,62.0,4,923.20703125,730.96875,0.0,20.8,22.03099457879989,2.814217024031303
rpi3,cross-rsdp-256-small,2026-01-15 17:49:14.443379,2026-01-15 17:51:06.177828,111.73442643399994,3.9320526315789484,0.04947368421052632,116.4087894736842,320.1506462097168,99.9960384331478,325058953,0,254090,5,310.0,62.0,4,923.20703125,730.96875,0.3,20.8,22.340462878800007,2.775233455831165
rpi3,MAYO-1,2026-01-15 17:51:07.214237,2026-01-15 17:52:56.625605,109.41134381899974,3.9702162162162167,0.050108108108108104,116.26213513513513,320.0087356567383,99.99877177360894,325058953,0,2270,5,310.0,62.0,4,923.20703125,730.96875,0.7,20.9,21.873161272600008,2.834523973343804
rpi3,MAYO-2,2026-01-15 17:52:57.661907,2026-01-15 17:54:47.034804,109.37287361000016,3.9261578947368427,0.049421052631578956,116.34173684210526,320.01197242736816,99.98822961345437,325058953,0,930,5,310.0,62.0,4,923.20703125,730.96875,0.5,20.9,21.863464023599953,2.83578118879404
rpi3,MAYO-3,2026-01-15 17:54:48.069832,2026-01-15 17:56:37.772333,109.70247701199968,3.901916666666667,0.04916666666666667,116.5748611111111,320.0122699737549,99.98862649929202,325058953,0,3405,5,310.0,62.0,4,923.20703125,730.96875,0.3,20.9,21.924741318799896,2.827855485201853
rpi3,MAYO-5,2026-01-15 17:56:38.809059,2026-01-15 17:58:29.111878,110.30279641800009,3.936105263157895,0.049421052631578956,116.84036842105262,320.01771545410156,99.99746478050338,325058953,0,4820,5,310.0,62.0,4,923.20703125,730.96875,0.0,20.8,22.03353676139995,2.8138923256576933
rpi3,SNOVA_24_5_4,2026-01-15 17:58:30.148320,2026-01-15 18:00:19.790908,109.64256419699996,3.944405405405406,0.04962162162162163,116.982027027027,320.0076713562012,99.97942022136628,325058953,0,1240,5,310.0,62.0,4,923.20703125,730.96875,0.3,20.8,21.917388859600123,2.828804124303481
rpi3,SNOVA_56_25_2,2026-01-15 18:00:20.827364,2026-01-15 18:02:11.381046,110.55373335100012,3.939594594594594,0.04935135135135135,117.24132432432432,320.06421661376953,99.9875776687192,325058953,0,890,5,310.0,62.0,4,923.20703125,730.96875,0.0,20.8,22.064849197200058,2.809899104493656
rpi3,SNOVA_60_10_4,2026-01-15 18:02:12.417414,2026-01-15 18:04:05.794515,113.37707885600004,3.94921052631579,0.04934210526315791,117.40876315789474,320.0217056274414,99.99375636056976,325058953,0,2880,5,310.0,62.0,4,923.20703125,730.96875,0.0,20.9,22.627904139800012,2.7399797885367905
rpi3,OV-Is,2026-01-15 18:04:06.818751,2026-01-15 18:05:56.308279,109.4894982689998,3.9574594594594585,0.04964864864864865,116.85527027027028,321.12407875061035,99.99132494974434,325058953,0,480,5,310.0,62.0,4,923.20703125,730.96875,0.0,20.9,21.840643311199983,2.83874422179708
rpi3,OV-III,2026-01-15 18:05:57.344932,2026-01-15 18:07:48.315075,110.97012006700017,3.8933513513513516,0.04897297297297298,116.94894594594594,323.33889389038086,99.98186893283714,325058954,0,1000,5,310.0,62.0,4,923.20703125,730.96875,0.5,20.9,21.8630831036,2.8358305965452333
rpi3,OV-V,2026-01-15 18:07:49.351486,2026-01-15 18:09:43.802820,114.45131124799993,3.914410256410257,0.04910256410256411,116.87107692307694,327.80261611938477,99.99885431806244,325058954,0,1300,5,310.0,62.0,4,923.20703125,730.96875,0.0,20.9,21.89081701039986,2.832237826963933
rpi4,Falcon-512,2026-01-15 17:15:51.237276,2026-01-15 17:15:57.462052,6.224773837000043,3.8335,0.045,115.788,320.0011692047119,100.08395747599523,325058991,0,3276,5,310.0,62.0,4,7812.31640625,7118.9453125,0.0,8.9,1.2394188561999726,50.023444205206346
rpi4,Falcon-1024,2026-01-15 17:15:58.474705,2026-01-15 17:16:10.567433,12.092707898000072,3.38225,0.043000000000000003,115.77600000000001,320.0123710632324,51.84942903513738,325058996,0,6358,5,310.0,62.0,4,7812.31640625,7118.9453125,0.2,9.4,1.2424801976000253,49.90019166483232
rpi4,ML-DSA-44,2026-01-15 17:16:11.580250,2026-01-15 17:16:17.745600,6.1653292150000425,4.025,0.0475,116.1035,320.01674365997314,99.9135615501752,325058997,0,12100,5,310.0,62.0,4,7812.31640625,7118.9453125,0.8,9.2,1.231527295399974,50.34399175039293
rpi4,ML-DSA-65,2026-01-15 17:16:18.758661,2026-01-15 17:16:24.925168,6.166490114999988,3.873,0.05,115.97049999999999,320.021297454834,99.89475187863836,325058997,0,16545,5,310.0,62.0,4,7812.31640625,7118.9453125,0.5,9.2,1.2317364417999896,50.33544344064118
rpi4,ML-DSA-87,2026-01-15 17:16:25.937794,2026-01-15 17:16:32.097404,6.159591703000046,3.7439999999999998,0.043,116.004,320.02650260925293,100.00662863741042,325058998,0,23135,5,310.0,62.0,4,7812.31640625,7118.9453125,0.0,9.2,1.2303292149999607,50.393016148935374
rpi4,SPHINCS+-SHA2-128f-simple,2026-01-15 17:16:33.110094,2026-01-15 17:16:41.185331,8.075219758000003,3.981666666666667,0.04833333333333334,115.92633333333333,320.05535984039307,99.81152515403778,325059000,0,85440,5,310.0,62.0,4,7812.31640625,7118.9453125,0.0,9.1,1.6119804965999946,38.462003808837025
rpi4,SPHINCS+-SHA2-192f-simple,2026-01-15 17:16:42.197956,2026-01-15 17:16:48.841743,6.643768490999946,3.727,0.0465,115.9295,320.1077241897583,99.94327780979948,325059000,0,178320,5,310.0,62.0,4,7812.31640625,7118.9453125,0.0,9.2,1.32607025719999,46.75468713921206
rpi4,SPHINCS+-SHA2-256f-simple,2026-01-15 17:16:49.854352,2026-01-15 17:16:57.347040,7.492669188000036,3.8425000000000002,0.0475,116.07849999999999,320.1491479873657,99.83091221990249,325059000,0,249280,5,310.0,62.0,4,7812.31640625,7118.9453125,0.2,9.2,1.4937844576000543,41.5053187121859
rpi4,SLH_DSA_PURE_SHA2_128F,2026-01-15 17:16:58.359465,2026-01-15 17:17:08.030889,9.671404852000023,3.673,0.04666666666666667,116.07033333333334,320.0532236099243,99.8820765734188,325059000,0,85440,5,310.0,62.0,4,7812.31640625,7118.9453125,0.0,9.2,1.931654143800006,32.09684311189984
rpi4,SLH_DSA_PURE_SHA2_192F,2026-01-15 17:17:09.043447,2026-01-15 17:17:16.321571,7.278105145999916,3.747666666666667,0.04700000000000001,115.97066666666666,320.10830783843994,99.8886365910175,325059000,0,178320,5,310.0,62.0,4,7812.31640625,7118.9453125,0.0,9.2,1.4535169011999869,42.65516276337369
rpi4,SLH_DSA_PURE_SHA2_256F,2026-01-15 17:17:17.334047,2026-01-15 17:17:25.094324,7.760256165999976,3.774666666666667,0.04733333333333334,115.96499999999999,320.14895725250244,99.99669900072251,325059000,0,249280,5,310.0,62.0,4,7812.31640625,7118.9453125,0.0,9.2,1.5488431009999886,40.0298777584189
rpi4,SLH_DSA_PURE_SHAKE_128F,2026-01-15 17:17:26.106869,2026-01-15 17:17:37.931027,11.824139998999954,3.8937500000000003,0.04875,116.124,320.05499744415283,99.88041414427474,325059000,0,85440,5,310.0,62.0,4,7812.31640625,7118.9453125,0.5,9.2,2.362417494799979,26.244302768867453
rpi4,SLH_DSA_PURE_SHAKE_192F,2026-01-15 17:17:38.943446,2026-01-15 17:17:51.138795,12.195331547000023,3.762,0.04725,116.03674999999998,320.10837268829346,99.95628206597353,325059000,0,178320,5,310.0,62.0,4,7812.31640625,7118.9453125,0.2,9.2,2.436252183400029,25.448925370883774
rpi4,SLH_DSA_PURE_SHAKE_256F,2026-01-15 17:17:52.151203,2026-01-15 17:18:05.352676,13.201449073000049,3.7608000000000006,0.0462,115.9574,320.1463975906372,99.83752485896488,325059000,0,249280,5,310.0,62.0,4,7812.31640625,7118.9453125,0.0,9.1,2.6352179055999843,23.52746612272426
rpi4,cross-rsdp-128-balanced,2026-01-15 17:18:06.365039,2026-01-15 17:18:11.788297,5.423238571999946,3.741,0.048,116.1035,320.0438632965088,100.12467509791946,325059000,0,65760,5,310.0,62.0,4,7812.31640625,7118.9453125,0.2,9.2,1.082440297800008,57.277985793776445
rpi4,cross-rsdp-128-fast,2026-01-15 17:18:12.800796,2026-01-15 17:18:18.214136,5.413318097000001,3.77,0.048,115.747,320.0559024810791,99.75397534818109,325059001,0,92160,5,310.0,62.0,4,7812.31640625,7118.9453125,0.0,9.1,1.0811231009999802,57.347770982465704
rpi4,cross-rsdp-128-small,2026-01-15 17:18:19.226618,2026-01-15 17:18:24.688739,5.4621023030000515,3.754,0.048,116.0205,320.04179191589355,99.96151110170726,325059001,0,62160,5,310.0,62.0,4,7812.31640625,7118.9453125,0.0,9.2,1.0909483233999937,56.83128950303895
rpi4,cross-rsdp-192-balanced,2026-01-15 17:18:25.701247,2026-01-15 17:18:32.007816,6.306550807999997,3.611333333333333,0.04533333333333334,115.97033333333333,320.0916967391968,99.8961269289754,325059001,0,149265,5,310.0,62.0,4,7812.31640625,7118.9453125,0.0,9.2,1.2597899503999996,49.214553569278905
rpi4,cross-rsdp-192-fast,2026-01-15 17:18:33.021125,2026-01-15 17:18:39.273316,6.252172244999997,3.726,0.048,116.178,320.122727394104,99.96525615554296,325059001,0,207030,5,310.0,62.0,4,7812.31640625,7118.9453125,0.0,9.2,1.248899219399982,49.64371747288554
rpi4,cross-rsdp-192-small,2026-01-15 17:18:40.285917,2026-01-15 17:18:46.615930,6.329993504999948,3.4789999999999996,0.044000000000000004,116.08133333333335,320.0877161026001,99.84212456154896,325059001,0,141955,5,310.0,62.0,4,7812.31640625,7118.9453125,0.0,9.0,1.2645197086000053,49.0304734503841
rpi4,cross-rsdp-256-balanced,2026-01-15 17:18:47.628319,2026-01-15 17:18:54.044385,6.416047058000004,3.8129999999999997,0.048,116.0535,320.15969371795654,99.90575103415937,325059001,0,267635,5,310.0,62.0,4,7812.31640625,7118.9453125,0.2,9.1,1.2816417562000424,48.3754525787492
rpi4,cross-rsdp-256-fast,2026-01-15 17:18:55.056901,2026-01-15 17:19:01.389160,6.332240572000046,3.2809999999999997,0.041499999999999995,116.1365,320.2199077606201,99.9646164422438,325059001,0,372950,5,310.0,62.0,4,7812.31640625,7118.9453125,0.0,9.1,1.2649586218000195,49.01346093975376
rpi4,cross-rsdp-256-small,2026-01-15 17:19:02.401711,2026-01-15 17:19:08.923608,6.521877060000065,3.8255,0.048,115.697,320.1519317626953,99.81788893150248,325059001,0,254090,5,310.0,62.0,4,7812.31640625,7118.9453125,0.2,9.1,1.3028750862000151,47.58706391479948
rpi4,MAYO-1,2026-01-15 17:19:09.936008,2026-01-15 17:19:16.171297,6.2352696389999664,3.791,0.0475,116.06200000000001,320.0102996826172,99.75510860180844,325059001,0,2270,5,310.0,62.0,4,7812.31640625,7118.9453125,0.0,9.0,1.2448734593999915,49.80425884401373
rpi4,MAYO-2,2026-01-15 17:19:17.183590,2026-01-15 17:19:23.410956,6.227347047999956,3.424666666666667,0.043333333333333335,115.96533333333332,320.0162887573242,99.88201961536215,325059001,0,930,5,310.0,62.0,4,7812.31640625,7118.9453125,0.2,9.0,1.243503759000009,49.859117474529114
rpi4,MAYO-3,2026-01-15 17:19:24.423331,2026-01-15 17:19:30.736796,6.313446563999946,3.8659999999999997,0.05,116.02,320.01372718811035,99.47023288055296,325059001,0,3405,5,310.0,62.0,4,7812.31640625,7118.9453125,0.0,9.0,1.2590647219999709,49.2429014304488
rpi4,MAYO-5,2026-01-15 17:19:31.749150,2026-01-15 17:19:38.174724,6.425556234999931,3.5163333333333333,0.04466666666666667,115.84933333333333,320.01917266845703,99.91352912033258,325059001,0,4820,5,310.0,62.0,4,7812.31640625,7118.9453125,0.0,9.0,1.27963542760001,48.45130000525433
rpi4,SNOVA_24_5_4,2026-01-15 17:19:39.187076,2026-01-15 17:19:45.410213,6.223118577000037,3.787,0.0485,115.90450000000001,320.0090217590332,99.789196094567,325059001,0,1240,5,310.0,62.0,4,7812.31640625,7118.9453125,0.0,9.0,1.241572252999981,49.93668298416858
rpi4,SNOVA_56_25_2,2026-01-15 17:19:46.422618,2026-01-15 17:19:52.773855,6.351217373000054,3.779,0.048,115.7555,320.0645446777344,99.82338231647118,325059001,0,890,5,310.0,62.0,4,7812.31640625,7118.9453125,0.0,9.0,1.2636550548000287,49.06402246759611
rpi4,SNOVA_60_10_4,2026-01-15 17:19:53.786388,2026-01-15 17:20:00.270948,6.484541989000036,3.972,0.0465,115.548,320.0231628417969,99.9299566722257,325059001,0,2880,5,310.0,62.0,4,7812.31640625,7118.9453125,0.0,9.0,1.2895308243999808,48.07950211570059
rpi4,OV-Is,2026-01-15 17:20:01.283354,2026-01-15 17:20:07.510546,6.227172472999882,3.976,0.05,115.507,321.12546157836914,99.72423322022446,325059001,0,480,5,310.0,62.0,4,7812.31640625,7118.9453125,0.0,9.0,1.2386070344000473,50.056231135512135
rpi4,OV-III,2026-01-15 17:20:08.523104,2026-01-15 17:20:14.775704,6.252581943999985,3.546333333333333,0.044333333333333336,115.728,323.3402633666992,99.958705955026,325059002,0,1000,5,310.0,62.0,4,7812.31640625,7118.9453125,0.0,9.1,1.2381703391999963,50.07388566589254
rpi4,OV-V,2026-01-15 17:20:15.788136,2026-01-15 17:20:22.211861,6.423707108999906,3.758,0.048,115.706,327.80409240722656,99.94229019260985,325059002,0,1300,5,310.0,62.0,4,7812.31640625,7118.9453125,0.0,9.0,1.2395627171999422,50.01763859117373
rpi5,Falcon-512,2026-01-15 17:15:48.533633,2026-01-15 17:15:51.169606,2.6359705669999585,0.0,0.0,0.0,320.0010347366333,99.394129539992,325071345,0,3271,5,310.0,62.0,4,16215.125,15631.9375,0.0,4.9,0.5218153820000225,118.81596851814793
rpi5,Falcon-1024,2026-01-15 17:15:52.175703,2026-01-15 17:15:54.831236,2.6555307389999143,0.0,0.0,0.0,320.0122995376587,99.41515499060792,325059016,0,6363,5,310.0,62.0,4,16215.125,15631.9375,0.0,5.7,0.5218499016000351,118.80810901736852
rpi5,ML-DSA-44,2026-01-15 17:15:55.837435,2026-01-15 17:15:58.435796,2.5983588620000546,4.394,0.058,116.169,320.01661109924316,100.06316055968811,325059017,0,12100,5,310.0,62.0,4,16215.125,15631.9375,0.0,5.5,0.5192870786000185,119.39445935598866
rpi5,ML-DSA-65,2026-01-15 17:15:59.441822,2026-01-15 17:16:02.041795,2.5999691819999953,4.418,0.057,116.319,320.021164894104,100.38580526528736,325059017,0,16545,5,310.0,62.0,4,16215.125,15631.9375,0.0,5.5,0.5195839718000116,119.3262366912732
rpi5,ML-DSA-87,2026-01-15 17:16:03.047769,2026-01-15 17:16:05.649821,2.6020486489999257,4.451,0.057,116.037,320.02637004852295,99.92126784406152,325059019,0,23135,5,310.0,62.0,4,16215.125,15631.9375,0.0,5.3,0.520009268400031,119.22864411775222
rpi5,SPHINCS+-SHA2-128f-simple,2026-01-15 17:16:06.655780,2026-01-15 17:16:07.864750,1.20896454800004,3.386,0.043,116.103,320.0552272796631,99.2584937238342,325059019,0,85440,5,310.0,62.0,4,16215.125,15631.9375,0.0,5.5,0.2395953574000032,258.7696217188855
rpi5,SPHINCS+-SHA2-192f-simple,2026-01-15 17:16:08.871068,2026-01-15 17:16:12.080957,3.20988490000002,4.528,0.05,116.285,320.10848331451416,100.00358579835624,325059019,0,178320,5,310.0,62.0,4,16215.125,15631.9375,0.0,5.7,0.6410748640000066,96.71257365036756
rpi5,SPHINCS+-SHA2-256f-simple,2026-01-15 17:16:13.087264,2026-01-15 17:16:16.678053,3.590786696000009,4.444,0.056,116.6,320.14906883239746,99.97809126337454,325059019,0,249280,5,310.0,62.0,4,16215.125,15631.9375,0.0,5.3,0.7163831952000009,86.54586039345988
rpi5,SLH_DSA_PURE_SHA2_128F,2026-01-15 17:16:17.684450,2026-01-15 17:16:22.596505,4.912051807000012,4.3445,0.0555,116.31,320.05321311950684,98.53316272240184,325059019,0,85440,5,310.0,62.0,4,16215.125,15631.9375,0.0,5.4,0.9677849081999966,64.06382190368632
rpi5,SLH_DSA_PURE_SHA2_192F,2026-01-15 17:16:23.602954,2026-01-15 17:16:27.091947,3.4889901599999575,4.415,0.056999999999999995,116.50049999999999,320.10824394226074,99.74232773416712,325059019,0,178320,5,310.0,62.0,4,16215.125,15631.9375,0.0,5.2,0.697040167199998,88.94752830249834
rpi5,SLH_DSA_PURE_SHA2_256F,2026-01-15 17:16:28.098268,2026-01-15 17:16:31.852953,3.7546817090000104,4.947,0.061,116.302,320.14889335632324,100.14164425674863,325059019,0,249280,5,310.0,62.0,4,16215.125,15631.9375,0.0,5.3,0.7495605500000011,82.71513221980521
rpi5,SLH_DSA_PURE_SHAKE_128F,2026-01-15 17:16:32.858947,2026-01-15 17:16:38.281689,5.422736884000074,4.633,0.056,116.327,320.05498695373535,99.9495294708444,325059019,0,85440,5,310.0,62.0,4,16215.125,15631.9375,0.0,5.2,1.0837127882000233,57.210730255364055
rpi5,SLH_DSA_PURE_SHAKE_192F,2026-01-15 17:16:39.287934,2026-01-15 17:16:44.913568,5.625630655000009,4.556,0.056,116.418,320.10830879211426,99.89991068832428,325059019,0,178320,5,310.0,62.0,4,16215.125,15631.9375,0.0,5.0,1.1240692322000083,55.156744997507566
rpi5,SLH_DSA_PURE_SHAKE_256F,2026-01-15 17:16:45.919765,2026-01-15 17:16:52.063333,6.143563734000054,4.144333333333333,0.052,116.29633333333334,320.146333694458,99.94199239798984,325059019,0,249280,5,310.0,62.0,4,16215.125,15631.9375,0.0,4.9,1.2264598583999713,50.55200100954356
rpi5,cross-rsdp-128-balanced,2026-01-15 17:16:53.069407,2026-01-15 17:16:55.291511,2.2221013240000502,4.792,0.061,116.55,320.0438861846924,99.4554107920574,325059019,0,65760,5,310.0,62.0,4,16215.125,15631.9375,0.0,4.9,0.4426366834000191,140.06972834641775
rpi5,cross-rsdp-128-fast,2026-01-15 17:16:56.297584,2026-01-15 17:16:58.505848,2.208259852000083,4.451,0.057,116.352,320.0558156967163,100.07880177680816,325059019,0,92160,5,310.0,62.0,4,16215.125,15631.9375,0.0,5.4,0.4413061556000002,140.4920353211587
rpi5,cross-rsdp-128-small,2026-01-15 17:16:59.512023,2026-01-15 17:17:01.740711,2.2286840109999275,4.467,0.058,116.401,320.0416593551636,100.05904780550208,325059019,0,62160,5,310.0,62.0,4,16215.125,15631.9375,0.0,5.6,0.4453644614000268,139.2118262088082
rpi5,cross-rsdp-192-balanced,2026-01-15 17:17:02.747157,2026-01-15 17:17:05.389685,2.6425262709999515,4.642,0.057,116.633,320.0915641784668,100.28282515417422,325059019,0,149265,5,310.0,62.0,4,16215.125,15631.9375,0.0,5.6,0.5281429835999916,117.39245228136548
rpi5,cross-rsdp-192-fast,2026-01-15 17:17:06.395770,2026-01-15 17:17:09.024581,2.628807886000004,4.553,0.054,116.385,320.124716758728,99.66494752062646,325059020,0,207030,5,310.0,62.0,4,16215.125,15631.9375,0.0,5.5,0.5254000324000344,118.00532199585744
rpi5,cross-rsdp-192-small,2026-01-15 17:17:10.030580,2026-01-15 17:17:12.686567,2.6559833400000343,0.0,0.0,0.0,320.0874843597412,100.15123061728116,325059020,0,141955,5,310.0,62.0,4,16215.125,15631.9375,0.0,5.4,0.530863875,116.79076863160071
rpi5,cross-rsdp-256-balanced,2026-01-15 17:17:13.693001,2026-01-15 17:17:16.363078,2.6700740510000287,4.746,0.061,116.534,320.1566619873047,100.37174807928074,325059020,0,267635,5,310.0,62.0,4,16215.125,15631.9375,0.0,5.5,0.5336415352000131,116.18286042289026
rpi5,cross-rsdp-256-fast,2026-01-15 17:17:17.369132,2026-01-15 17:17:20.019320,2.6501837660000547,4.32,0.057,116.468,320.2198438644409,99.99306591480924,325059020,0,372950,5,310.0,62.0,4,16215.125,15631.9375,0.0,5.3,0.5296475036000174,117.05898654970638
rpi5,cross-rsdp-256-small,2026-01-15 17:17:21.025406,2026-01-15 17:17:23.730759,2.7053503600000113,4.94,0.056,116.302,320.1518678665161,100.171868312095,325059020,0,254090,5,310.0,62.0,4,16215.125,15631.9375,0.0,5.1,0.5407042931999968,114.66526302772913
rpi5,MAYO-1,2026-01-15 17:17:24.736886,2026-01-15 17:17:27.353656,2.6167670070000213,0.0,0.0,0.0,320.010235786438,100.12354913491816,325059020,0,2270,5,310.0,62.0,4,16215.125,15631.9375,0.0,5.4,0.5229761707999842,118.55224666385864
rpi5,MAYO-2,2026-01-15 17:17:28.359664,2026-01-15 17:17:30.981263,2.6215950609999936,4.542,0.061,116.517,320.016224861145,99.93915685058606,325059020,0,930,5,310.0,62.0,4,16215.125,15631.9375,0.0,5.1,0.5239367735999849,118.33488910121002
rpi5,MAYO-3,2026-01-15 17:17:31.987285,2026-01-15 17:17:34.616279,2.62899104600001,4.437,0.057,116.55,320.01366329193115,99.65800393220476,325059020,0,3405,5,310.0,62.0,4,16215.125,15631.9375,0.0,5.4,0.5240636786000323,118.30623363486076
rpi5,MAYO-5,2026-01-15 17:17:35.622321,2026-01-15 17:17:38.255226,2.6329006480000317,3.47,0.043,116.6,320.01910877227783,99.51002146587498,325059020,0,4820,5,310.0,62.0,4,16215.125,15631.9375,0.0,5.2,0.5260445074000245,117.86074966628786
rpi5,SNOVA_24_5_4,2026-01-15 17:17:39.261569,2026-01-15 17:17:41.892241,2.6306695079999827,4.544,0.059,116.352,320.008957862854,99.97454990077848,325059020,0,1240,5,310.0,62.0,4,16215.125,15631.9375,0.0,5.3,0.523962522800025,118.32907374496106
rpi5,SNOVA_56_25_2,2026-01-15 17:17:42.898257,2026-01-15 17:17:45.552817,2.6545548629999303,4.599,0.057,116.534,320.0644807815552,99.45170230976188,325059020,0,890,5,310.0,62.0,4,16215.125,15631.9375,0.0,5.4,0.5278589808000106,117.45561268283106
rpi5,SNOVA_60_10_4,2026-01-15 17:17:46.559075,2026-01-15 17:17:49.264722,2.705645540999967,4.628,0.049,116.567,320.0230989456177,99.79134218010364,325059020,0,2880,5,310.0,62.0,4,16215.125,15631.9375,0.0,5.6,0.538260210999988,115.1859244524418
rpi5,OV-Is,2026-01-15 17:17:50.270735,2026-01-15 17:17:52.891932,2.621194027999991,4.635,0.059,116.285,321.12539768218994,99.57294164871382,325059020,0,480,5,310.0,62.0,4,16215.125,15631.9375,0.0,5.2,0.5218451777999917,118.80918448146096
rpi5,OV-III,2026-01-15 17:17:53.897956,2026-01-15 17:17:56.532900,2.634938189999957,4.593,0.057,116.269,323.3402633666992,99.81258801368884,325059021,0,1000,5,310.0,62.0,4,16215.125,15631.9375,0.0,5.3,0.5230692614000191,118.5311479287736
rpi5,OV-V,2026-01-15 17:17:57.539228,2026-01-15 17:18:00.202500,2.6632674239999687,4.483,0.055,116.352,327.80402851104736,99.87731521173836,325059021,0,1300,5,310.0,62.0,4,16215.125,15631.9375,0.0,5.4,0.5236701232000087,118.39514467836072
